knn classifier,Accuracy,Recall,Precision,F1 Score,Mse,RMSE
knn classifier,0.7522954091816367,0.7522954091816367,0.7459909824689869,0.7482210618115245,0.37405189620758483,0.6115978222717808
